epoch,t.loss,t.auc,v.loss,v.auc,lr,s.cnt,min.v.loss
0,0.8129638433456421,0.4544954428831673,0.8136432766914368,0.4651243953100164,0.005,0,0.8136432766914368
1,0.6470797657966614,0.48669986934144954,0.6471502780914307,0.49844925220330605,0.005,0,0.6471502780914307
2,0.5157982707023621,0.5171916448893119,0.5154342651367188,0.5293011434744144,0.005,0,0.5154342651367188
3,0.4157487452030182,0.5372299903954543,0.4150611162185669,0.5493037089521666,0.005,0,0.4150611162185669
4,0.3409463167190552,0.5487823118984568,0.340078204870224,0.56043918682862,0.005,0,0.340078204870224
5,0.2850832939147949,0.5557302442042815,0.28414973616600037,0.5665539228146055,0.005,0,0.28414973616600037
6,0.24303974211215973,0.5603338063872187,0.24209174513816833,0.5703067096289934,0.005,0,0.24209174513816833
7,0.21106840670108795,0.5636490187538725,0.2101278305053711,0.572944874891231,0.005,0,0.2101278305053711
8,0.18648776412010193,0.5662589873463237,0.18556857109069824,0.57502046120549,0.005,0,0.18556857109069824
9,0.1673843115568161,0.5684208478062756,0.16649577021598816,0.5767234519470349,0.005,0,0.16649577021598816
10,0.15238264203071594,0.5702421652127128,0.1515236794948578,0.5781948692926883,0.005,0,0.1515236794948578
11,0.14048203825950623,0.5717840864790925,0.13965004682540894,0.5794800119424212,0.005,0,0.13965004682540894
12,0.13095085322856903,0.5731044632387388,0.1301417052745819,0.580602349252747,0.005,0,0.1301417052745819
13,0.12325338274240494,0.574255924392221,0.12246277928352356,0.5815830604825257,0.005,0,0.12246277928352356
14,0.11699307709932327,0.5752714097465598,0.11621908843517303,0.5824538849169233,0.005,0,0.11621908843517303
15,0.11187733709812164,0.5761675546244244,0.11111953854560852,0.5832356134218157,0.005,0,0.11111953854560852
16,0.10768405348062515,0.5769681355085269,0.10694196075201035,0.5839494015735638,0.005,0,0.10694196075201035
17,0.10424184799194336,0.5776861016879133,0.10351523011922836,0.584592073549051,0.005,0,0.10351523011922836
18,0.10141287744045258,0.5783419930842071,0.10070036351680756,0.5851988381195475,0.005,0,0.10070036351680756
19,0.09908304363489151,0.5789509344182988,0.09838327020406723,0.5857802754414835,0.005,0,0.09838327020406723
20,0.09715655446052551,0.5795406060106818,0.0964689776301384,0.586362677825254,0.005,0,0.0964689776301384
21,0.09555132687091827,0.5801329716110601,0.09487665444612503,0.5869501944446844,0.005,0,0.09487665444612503
22,0.09419853240251541,0.5807469231475888,0.09353639930486679,0.5875657096985631,0.005,0,0.09353639930486679
23,0.09303999692201614,0.5813995356833344,0.09239111095666885,0.5881925392663412,0.005,0,0.09239111095666885
24,0.0920279249548912,0.5821012292932572,0.09139294177293777,0.5888576515937601,0.005,0,0.09139294177293777
25,0.09112329035997391,0.5828638153674461,0.09050359576940536,0.5895558211374148,0.005,0,0.09050359576940536
26,0.09029572457075119,0.5837018694406207,0.08969257026910782,0.5903199286789227,0.005,0,0.08969257026910782
27,0.0895204022526741,0.5846404224082575,0.08893575519323349,0.5911804950388764,0.005,0,0.08893575519323349
28,0.08877832442522049,0.58570283547894,0.08821401745080948,0.5921765229248863,0.005,0,0.08821401745080948
29,0.08805478364229202,0.5869169882373252,0.08751177042722702,0.5933046257395951,0.005,0,0.08751177042722702
30,0.08733845502138138,0.588298192979028,0.08681970834732056,0.5945656821037153,0.005,0,0.08681970834732056
31,0.08662256598472595,0.589847296019456,0.08612941950559616,0.5959481479831074,0.005,0,0.08612941950559616
32,0.08590243011713028,0.5915698993185241,0.08543696999549866,0.5974306913667932,0.005,0,0.08543696999549866
33,0.08517475426197052,0.59346114637633,0.08473847806453705,0.59901693804537,0.005,0,0.08473847806453705
34,0.08443833142518997,0.5954949743101975,0.08403303474187851,0.6007261679412778,0.005,0,0.08403303474187851
35,0.08369463682174683,0.5976134951136165,0.08332090079784393,0.6025065080928214,0.005,0,0.08332090079784393
36,0.08294545859098434,0.5997685851046762,0.08260314911603928,0.6043389710564244,0.005,0,0.08260314911603928
37,0.08219372481107712,0.6019237606733054,0.08188280463218689,0.6061778543455074,0.005,0,0.08188280463218689
38,0.08144410699605942,0.604055273173969,0.0811651200056076,0.6080079905035831,0.005,0,0.0811651200056076
39,0.08070140331983566,0.6061467838695395,0.08045481890439987,0.6098051985150429,0.005,0,0.08045481890439987
40,0.0799713060259819,0.6081772644916768,0.07975660264492035,0.6115452476310301,0.005,0,0.07975660264492035
41,0.07925952970981598,0.6101397143710878,0.07907663285732269,0.6132169182676415,0.005,0,0.07907663285732269
42,0.07857160270214081,0.6120306398333883,0.07841921597719193,0.6148073650374167,0.005,0,0.07841921597719193
43,0.07791340351104736,0.6138432561105114,0.07779060304164886,0.6163017792737286,0.005,0,0.07779060304164886
44,0.07729022949934006,0.6155732005949587,0.07719719409942627,0.6176424917232508,0.005,0,0.07719719409942627
45,0.07670655101537704,0.6172042573702704,0.07664252072572708,0.618850686381343,0.005,0,0.07664252072572708
46,0.07616569101810455,0.6187301400734512,0.07612992823123932,0.6199405336712844,0.005,0,0.07612992823123932
47,0.07567049562931061,0.6201370604399278,0.07566231489181519,0.620911712695214,0.005,0,0.07566231489181519
48,0.07522144168615341,0.6214329366784266,0.07524038106203079,0.6218037921724681,0.005,0,0.07524038106203079
49,0.07481801509857178,0.6226316760683239,0.0748627707362175,0.6226354777248857,0.005,0,0.0748627707362175
50,0.07445733994245529,0.6237510621070792,0.07452637702226639,0.6234471006482715,0.005,0,0.07452637702226639
51,0.074135422706604,0.624817866709826,0.07422667741775513,0.6242645684124117,0.005,0,0.07422667741775513
52,0.07384590804576874,0.6258647117852045,0.0739571675658226,0.6251177174136772,0.005,0,0.0739571675658226
53,0.07358156144618988,0.6269160408207722,0.07371074706315994,0.625997950904929,0.005,0,0.07371074706315994
54,0.07333456724882126,0.6279666440237116,0.07347969710826874,0.6268918870901052,0.005,0,0.07347969710826874
55,0.07309713959693909,0.6289990514997544,0.07325684279203415,0.6277495215566821,0.005,0,0.07325684279203415
56,0.07286263257265091,0.6299902582148151,0.07303433865308762,0.6285745594316291,0.005,0,0.07303433865308762
57,0.07262476533651352,0.6309264410534804,0.07280630618333817,0.6293603198819769,0.005,0,0.07280630618333817
58,0.07237936556339264,0.6318014674640288,0.07256800681352615,0.6301145245865264,0.005,0,0.07256800681352615
59,0.07212413102388382,0.6326111577379105,0.0723174512386322,0.6308299053863324,0.005,0,0.0723174512386322
60,0.07185877114534378,0.6333573770746872,0.07205458730459213,0.6315027701798006,0.005,0,0.07205458730459213
61,0.07158445566892624,0.6340502835427702,0.07178089767694473,0.6321503349595821,0.005,0,0.07178089767694473
62,0.07130414992570877,0.634704408855074,0.07149896025657654,0.6327794510726392,0.005,0,0.07149896025657654
63,0.07102134823799133,0.6353370138551957,0.0712127834558487,0.6334034446611614,0.005,0,0.0712127834558487
64,0.07074090838432312,0.6359638032776951,0.07092749327421188,0.6340352167664818,0.005,0,0.07092749327421188
65,0.07046721130609512,0.6366065538956158,0.07064865529537201,0.6346719491712186,0.005,0,0.07064865529537201
66,0.07020388543605804,0.6372947763238038,0.07037960737943649,0.6353550104646332,0.005,0,0.07037960737943649
67,0.06995385885238647,0.6380489454036085,0.07012394815683365,0.6361005023777987,0.005,0,0.07012394815683365
68,0.0697188600897789,0.6388832414579612,0.06988275796175003,0.63693162191849,0.005,0,0.06988275796175003
69,0.0694996640086174,0.6397917431062212,0.06965819746255875,0.6378233710248831,0.005,0,0.06965819746255875
70,0.06929647922515869,0.6407647344670011,0.0694504901766777,0.6387751848693763,0.005,0,0.0694504901766777
71,0.06910857558250427,0.6417946309971057,0.06925849616527557,0.6397963600169544,0.005,0,0.06925849616527557
72,0.06893409043550491,0.6428803660216034,0.06908109039068222,0.6408783210347274,0.005,0,0.06908109039068222
73,0.06877174973487854,0.6440124672887705,0.06891648471355438,0.6420199015596195,0.005,0,0.06891648471355438
74,0.06861960887908936,0.6451910819224339,0.06876304745674133,0.6432093183642509,0.005,0,0.06876304745674133
75,0.06847578287124634,0.6464214550555769,0.06861892342567444,0.644455508039621,0.005,0,0.06861892342567444
76,0.06833886355161667,0.6477096520936066,0.06848231703042984,0.6457568128107997,0.005,0,0.06848231703042984
77,0.06820741295814514,0.6490601464490322,0.0683521181344986,0.6471047993398911,0.005,0,0.0683521181344986
78,0.06808044761419296,0.6504725323623852,0.06822718679904938,0.6484982846860702,0.005,0,0.06822718679904938
79,0.06795697659254074,0.651954381871879,0.06810696423053741,0.649927743748237,0.005,0,0.06810696423053741
80,0.06783689558506012,0.6534916316577147,0.06799077987670898,0.6513932913865121,0.005,0,0.06799077987670898
81,0.06771981716156006,0.6550768810542963,0.06787818670272827,0.652884064438602,0.005,0,0.06787818670272827
82,0.06760591268539429,0.6567006005044622,0.06776931881904602,0.654389987185305,0.005,0,0.06776931881904602
83,0.0674951821565628,0.6583442982394688,0.06766437739133835,0.6558918116755553,0.005,0,0.06766437739133835
84,0.06738799810409546,0.6599939404621475,0.06756368279457092,0.6573764687222773,0.005,0,0.06756368279457092
85,0.06728462129831314,0.6616341337032422,0.06746724247932434,0.6588394112856619,0.005,0,0.06746724247932434
86,0.06718514859676361,0.6632510736048117,0.0673748329281807,0.6602772527683516,0.005,0,0.0673748329281807
87,0.06708990782499313,0.664832883913972,0.06728659570217133,0.6616818262605645,0.005,0,0.06728659570217133
88,0.06699872761964798,0.6663684477564389,0.0672026127576828,0.6630375167065822,0.005,0,0.0672026127576828
89,0.06691145896911621,0.6678548628347194,0.06712235510349274,0.6643470369366654,0.005,0,0.06712235510349274
90,0.06682781130075455,0.6692859190662057,0.06704571098089218,0.665603990307833,0.005,0,0.06704571098089218
91,0.06674753874540329,0.6706607119057716,0.0669722855091095,0.6668099339443948,0.005,0,0.0669722855091095
92,0.06667016446590424,0.6719775723733277,0.06690163165330887,0.6679608595833941,0.005,0,0.06690163165330887
93,0.066595159471035,0.6732376797430091,0.06683308631181717,0.6690620602633586,0.005,0,0.06683308631181717
94,0.06652221828699112,0.6744400219812176,0.06676624715328217,0.6701130208899345,0.005,0,0.06676624715328217
95,0.06645092368125916,0.6755876976049182,0.06670060753822327,0.6711244862129205,0.005,0,0.06670060753822327
96,0.0663810446858406,0.6766842804291171,0.06663581728935242,0.6720956001099777,0.005,0,0.06663581728935242
97,0.06631214171648026,0.6777320006357306,0.06657151877880096,0.673023719614217,0.005,0,0.06657151877880096
98,0.06624407321214676,0.6787326972182285,0.06650768965482712,0.6739186315183521,0.005,0,0.06650768965482712
99,0.06617677211761475,0.6796915352233417,0.06644414365291595,0.674783427572628,0.005,0,0.06644414365291595
100,0.06611047685146332,0.6806094736200515,0.06638099253177643,0.6756170929819623,0.005,0,0.06638099253177643
101,0.06604506820440292,0.6814877395276409,0.06631843745708466,0.6764223796527395,0.005,0,0.06631843745708466
102,0.06598091870546341,0.6823316179862945,0.06625676900148392,0.6772053834602032,0.005,0,0.06625676900148392
103,0.06591815501451492,0.6831434269846477,0.06619622558355331,0.6779644383405488,0.005,0,0.06619622558355331
104,0.06585691124200821,0.6839269281842779,0.06613702327013016,0.6786996934935194,0.005,0,0.06613702327013016
105,0.06579726189374924,0.6846884357309875,0.06607940793037415,0.6794191926799026,0.005,0,0.06607940793037415
106,0.06573915481567383,0.685431555572148,0.06602321565151215,0.6801235812477955,0.005,0,0.06602321565151215
107,0.0656827911734581,0.6861623422936391,0.06596879661083221,0.6808200918323949,0.005,0,0.06596879661083221
108,0.06562811881303787,0.6868838675539009,0.06591587513685226,0.6815085290530836,0.005,0,0.06591587513685226
109,0.06557487696409225,0.6876026934235884,0.0658646672964096,0.6821942889672595,0.005,0,0.0658646672964096
110,0.06552331149578094,0.6883221169770276,0.06581520289182663,0.6828758298442381,0.005,0,0.06581520289182663
111,0.06547308713197708,0.6890442897778588,0.06576734036207199,0.6835569846964828,0.005,0,0.06576734036207199
112,0.06542419642210007,0.6897745562921149,0.06572087109088898,0.6842419915071906,0.005,0,0.06572087109088898
113,0.06537660211324692,0.6905117682906365,0.06567578762769699,0.6849300959887682,0.005,0,0.06567578762769699
114,0.06533019989728928,0.691259360185069,0.06563200056552887,0.6856270245694749,0.005,0,0.06563200056552887
115,0.06528478115797043,0.6920173225151219,0.06558940559625626,0.6863322882057062,0.005,0,0.06558940559625626
116,0.06524045765399933,0.6927848671951065,0.06554790586233139,0.6870419259995038,0.005,0,0.06554790586233139
117,0.06519711017608643,0.6935607625387031,0.06550757586956024,0.6877603926289302,0.005,0,0.06550757586956024
118,0.06515489518642426,0.694342079824849,0.06546834111213684,0.6884836928564033,0.005,0,0.06546834111213684
119,0.06511349231004715,0.6951267988465797,0.0654301717877388,0.6892052997851977,0.005,0,0.0654301717877388
120,0.06507323682308197,0.6959097463473718,0.06539298593997955,0.6899273910210969,0.005,0,0.06539298593997955
121,0.06503384560346603,0.6966889961251014,0.06535666435956955,0.6906496977677369,0.005,0,0.06535666435956955
122,0.06499546021223068,0.6974606267806429,0.06532134860754013,0.6913638032649716,0.005,0,0.06532134860754013
123,0.06495794653892517,0.6982209166683604,0.0652867779135704,0.6920645281502688,0.005,0,0.0652867779135704
124,0.06492133438587189,0.6989664791130161,0.06525301188230515,0.6927588185005863,0.005,0,0.06525301188230515
125,0.06488558650016785,0.6996950110232142,0.06522010266780853,0.6934358241790054,0.005,0,0.06522010266780853
126,0.06485069543123245,0.7004030975059541,0.06518792361021042,0.6940933711321174,0.005,0,0.06518792361021042
127,0.06481657177209854,0.7010913063417707,0.06515640765428543,0.6947328483384889,0.005,0,0.06515640765428543
128,0.06478313356637955,0.7017587352146863,0.06512541323900223,0.6953553120375755,0.005,0,0.06512541323900223
129,0.06475043296813965,0.7024049205161,0.06509491801261902,0.6959590002514513,0.005,0,0.06509491801261902
130,0.0647183284163475,0.7030302427780395,0.06506504118442535,0.6965436548408772,0.005,0,0.06506504118442535
131,0.06468689441680908,0.7036346719341791,0.06503569334745407,0.6971100750901943,0.005,0,0.06503569334745407
132,0.06465614587068558,0.7042193482757333,0.06500691920518875,0.6976617660092557,0.005,0,0.06500691920518875
133,0.06462607532739639,0.7047847266578162,0.06497874855995178,0.698189262887334,0.005,0,0.06497874855995178
134,0.06459669768810272,0.7053342322492607,0.0649511069059372,0.6987052832263945,0.005,0,0.0649511069059372
135,0.06456796824932098,0.7058675961385927,0.06492402404546738,0.699206770799941,0.005,0,0.06492402404546738
136,0.0645398274064064,0.7063880985999671,0.0648975521326065,0.6996917516716813,0.005,0,0.0648975521326065
137,0.0645124614238739,0.7068965611019367,0.06487155705690384,0.7001646757831783,0.005,0,0.06487155705690384
138,0.06448563933372498,0.7073938368104646,0.06484618037939072,0.7006328231346262,0.005,0,0.06484618037939072
139,0.06445946544408798,0.7078819271206728,0.06482155621051788,0.7010864140380608,0.005,0,0.06482155621051788
140,0.06443386524915695,0.7083622917988713,0.06479751318693161,0.7015326598144291,0.005,0,0.06479751318693161
141,0.06440869718790054,0.7088359442378965,0.06477401405572891,0.7019707718365146,0.005,0,0.06477401405572891
142,0.0643840804696083,0.709304010538527,0.06475111097097397,0.702398838926647,0.005,0,0.06475111097097397
143,0.06435994803905487,0.7097668504636467,0.06472882628440857,0.7028217136288728,0.005,0,0.06472882628440857
144,0.06433649361133575,0.7102239332039713,0.06470691412687302,0.7032415285522271,0.005,0,0.06470691412687302
145,0.06431328505277634,0.7106744304403925,0.06468559801578522,0.7036458752513567,0.005,0,0.06468559801578522
146,0.06429054588079453,0.7111189765016949,0.06466477364301682,0.704051340948564,0.005,0,0.06466477364301682
147,0.06426825374364853,0.7115583445763285,0.06464432924985886,0.7044485615837429,0.005,0,0.06464432924985886
148,0.06424643099308014,0.7119901164726972,0.06462446600198746,0.704840692849886,0.005,0,0.06462446600198746
149,0.06422507017850876,0.712414957075236,0.0646049827337265,0.705221283634264,0.005,0,0.0646049827337265
150,0.06420404464006424,0.7128322945800685,0.06458599120378494,0.705595475407411,0.005,0,0.06458599120378494
151,0.0641835406422615,0.7132429511081815,0.0645674616098404,0.7059565565491089,0.005,0,0.0645674616098404
152,0.06416332721710205,0.7136456659399504,0.06454931944608688,0.7063138946718394,0.005,0,0.06454931944608688
153,0.06414349377155304,0.7140416915852076,0.06453152745962143,0.7066633358652766,0.005,0,0.06453152745962143
154,0.06412409991025925,0.7144295124945511,0.06451412290334702,0.706999833388883,0.005,0,0.06451412290334702
155,0.06410493701696396,0.714810733002752,0.06449698656797409,0.7073344481538184,0.005,0,0.06449698656797409
156,0.06408607959747314,0.71518430432244,0.06448012590408325,0.7076623974794091,0.005,0,0.06448012590408325
157,0.06406774371862411,0.7155507883622447,0.06446357071399689,0.7079814990233717,0.005,0,0.06446357071399689
158,0.06404951959848404,0.7159107481181867,0.06444741040468216,0.7082962133843935,0.005,0,0.06444741040468216
159,0.06403179466724396,0.7162640643036149,0.06443144381046295,0.7086043866391903,0.005,0,0.06443144381046295
160,0.06401433050632477,0.7166113352003454,0.06441580504179001,0.708909496562741,0.005,0,0.06441580504179001
161,0.06399709731340408,0.7169541823239067,0.06440042704343796,0.7092082808908076,0.005,0,0.06440042704343796
162,0.06398016959428787,0.7172917719182424,0.06438535451889038,0.709500642525144,0.005,0,0.06438535451889038
163,0.06396350264549255,0.7176247695202216,0.06437060981988907,0.7097903079069687,0.005,0,0.06437060981988907
164,0.06394720822572708,0.7179534339285945,0.06435609608888626,0.7100800289426661,0.005,0,0.06435609608888626
165,0.06393112987279892,0.7182777728638274,0.06434187293052673,0.7103608050984898,0.005,0,0.06434187293052673
166,0.06391536444425583,0.7185989936003412,0.0643279179930687,0.7106406967129753,0.005,0,0.0643279179930687
167,0.06389983743429184,0.7189168684931009,0.06431423127651215,0.7109179169415731,0.005,0,0.06431423127651215
168,0.06388454139232635,0.719232261527597,0.06430080533027649,0.7111888601238099,0.005,0,0.06430080533027649
169,0.06386969238519669,0.7195441892142103,0.06428764760494232,0.711456366975441,0.005,0,0.06428764760494232
170,0.06385493278503418,0.7198534200656154,0.06427482515573502,0.711726922948819,0.005,0,0.06427482515573502
171,0.06384039670228958,0.7201591163024134,0.064262256026268,0.711992552962404,0.005,0,0.064262256026268
172,0.06382622569799423,0.7204621568617035,0.06424979120492935,0.7122554440949792,0.005,0,0.06424979120492935
173,0.06381214410066605,0.7207621709435958,0.06423774361610413,0.7125146975957073,0.005,0,0.06423774361610413
174,0.06379842758178711,0.7210593109457578,0.06422584503889084,0.7127703442518369,0.005,0,0.06422584503889084
175,0.06378482282161713,0.7213522409555669,0.06421416252851486,0.7130265379736935,0.005,0,0.06421416252851486
176,0.06377151608467102,0.7216426393046638,0.06420263648033142,0.7132804202836474,0.005,0,0.06420263648033142
177,0.06375840306282043,0.7219297332395544,0.0641913041472435,0.7135318798739532,0.005,0,0.0641913041472435
178,0.06374546885490417,0.7222131857237997,0.06418024748563766,0.7137800594381465,0.005,0,0.06418024748563766
179,0.06373281031847,0.7224932987255206,0.06416922807693481,0.7140244332247501,0.005,0,0.06416922807693481
180,0.06372029334306717,0.7227690311234436,0.06415849924087524,0.7142665784881973,0.005,0,0.06415849924087524
181,0.06370798498392105,0.7230421351373404,0.06414789706468582,0.714505235319541,0.005,0,0.06414789706468582
182,0.06369592994451523,0.7233120533712476,0.0641375482082367,0.7147452527104525,0.005,0,0.0641375482082367
183,0.06368402391672134,0.7235783649509799,0.06412733346223831,0.7149777082794319,0.005,0,0.06412733346223831
184,0.0636722669005394,0.7238409242750559,0.06411726027727127,0.7152138843690049,0.005,0,0.06411726027727127
185,0.06366069614887238,0.7241007867639233,0.06410728394985199,0.71544501845454,0.005,0,0.06410728394985199
186,0.06364934146404266,0.7243571152362482,0.06409749388694763,0.715671727465136,0.005,0,0.06409749388694763
187,0.06363815069198608,0.7246104042368685,0.064087875187397,0.7158942174385343,0.005,0,0.064087875187397
188,0.06362712383270264,0.7248614042277896,0.06407836824655533,0.7161170815954169,0.005,0,0.06407836824655533
189,0.06361618638038635,0.7251087579835502,0.06406904757022858,0.7163391121283345,0.005,0,0.06406904757022858
190,0.0636054128408432,0.7253532612559372,0.06405987590551376,0.7165539621275538,0.005,0,0.06405987590551376
191,0.06359487771987915,0.7255951171693474,0.06405077874660492,0.7167693355100013,0.005,0,0.06405077874660492
192,0.0635843351483345,0.725834122273167,0.06404190510511398,0.7169805253789996,0.005,0,0.06404190510511398
193,0.06357410550117493,0.7260700259784383,0.06403308361768723,0.7171897235498316,0.005,0,0.06403308361768723
194,0.06356403976678848,0.72630320865408,0.06402446329593658,0.7173982526900666,0.005,0,0.06402446329593658
195,0.0635540559887886,0.7265345447788937,0.06401591002941132,0.7176052507567411,0.005,0,0.06401591002941132
196,0.0635441318154335,0.7267621623571316,0.0640074759721756,0.7178067544836465,0.005,0,0.0640074759721756
197,0.0635344386100769,0.7269870285675676,0.06399916857481003,0.7180078307414448,0.005,0,0.06399916857481003
198,0.06352479755878448,0.727210579145199,0.06399103999137878,0.7182068892503279,0.005,0,0.06399103999137878
199,0.06351537257432938,0.7274309759664677,0.0639830082654953,0.7184035676680613,0.005,0,0.0639830082654953
200,0.06350600719451904,0.7276488340046218,0.06397511810064316,0.718596140724592,0.005,0,0.06397511810064316
201,0.06349682807922363,0.7278637741956098,0.06396733969449997,0.7187877771382871,0.005,0,0.06396733969449997
202,0.06348781287670135,0.7280756586040475,0.06395969539880753,0.7189771104289542,0.005,0,0.06395969539880753
203,0.06347887217998505,0.7282852239364608,0.06395216286182404,0.7191647160813186,0.005,0,0.06395216286182404
204,0.06347000598907471,0.7284924236525697,0.0639447420835495,0.7193484058324727,0.005,0,0.0639447420835495
205,0.06346137076616287,0.7286965775901137,0.06393745541572571,0.7195303051867021,0.005,0,0.06393745541572571
206,0.06345274299383163,0.7288984858504384,0.0639302209019661,0.7197116183990813,0.005,0,0.0639302209019661
207,0.06344427913427353,0.729097785734707,0.0639231726527214,0.7198867303490959,0.005,0,0.0639231726527214
208,0.06343585252761841,0.7292943915022416,0.06391619145870209,0.7200604391110446,0.005,0,0.06391619145870209
209,0.06342754513025284,0.7294886734636061,0.0639093890786171,0.720230514977646,0.005,0,0.0639093890786171
210,0.06341942399740219,0.7296814234016147,0.0639025866985321,0.7203964416704217,0.005,0,0.0639025866985321
211,0.06341138482093811,0.7298710519874739,0.06389597803354263,0.7205638520717602,0.005,0,0.06389597803354263
212,0.06340348720550537,0.7300582268240934,0.06388942897319794,0.7207242619263928,0.005,0,0.06388942897319794
213,0.06339564174413681,0.7302436878257982,0.06388295441865921,0.7208868351773097,0.005,0,0.06388295441865921
214,0.06338784843683243,0.7304266817577395,0.06387659162282944,0.7210464445634759,0.005,0,0.06387659162282944
215,0.06338025629520416,0.7306072261268912,0.06387026607990265,0.7212051942749282,0.005,0,0.06387026607990265
216,0.06337273120880127,0.7307856326878821,0.06386410444974899,0.7213588629062192,0.005,0,0.06386410444974899
217,0.06336522102355957,0.7309624979827045,0.0638580322265625,0.7215106819343381,0.005,0,0.0638580322265625
218,0.06335784494876862,0.731137301532276,0.0638519823551178,0.7216625080672064,0.005,0,0.0638519823551178
219,0.06335054337978363,0.7313110983764584,0.06384605914354324,0.7218106657809792,0.005,0,0.06384605914354324
220,0.0633433535695076,0.731482821296625,0.06384015828371048,0.7219566008922202,0.005,0,0.06384015828371048
221,0.06333617866039276,0.7316527440431342,0.06383436173200607,0.722099541351462,0.005,0,0.06383436173200607
222,0.06332914531230927,0.7318198592037937,0.06382865458726883,0.722240221316174,0.005,0,0.06382865458726883
223,0.06332223862409592,0.7319858301586355,0.06382305920124054,0.7223786549958553,0.005,0,0.06382305920124054
224,0.06331527978181839,0.7321495620693349,0.06381750106811523,0.7225174699637706,0.005,0,0.06381750106811523
225,0.06330858916044235,0.7323117449390296,0.0638120025396347,0.7226541073259025,0.005,0,0.0638120025396347
226,0.06330180913209915,0.7324718886811792,0.06380660086870193,0.7227873651954264,0.005,0,0.06380660086870193
227,0.06329513341188431,0.7326301261204362,0.06380125135183334,0.7229177397206966,0.005,0,0.06380125135183334
228,0.06328856199979782,0.7327861629004073,0.06379597634077072,0.7230502551438768,0.005,0,0.06379597634077072
229,0.06328210979700089,0.7329405602772892,0.06379077583551407,0.7231799807686741,0.005,0,0.06379077583551407
230,0.0632757619023323,0.7330926950136718,0.06378567218780518,0.7233079384949207,0.005,0,0.06378567218780518
231,0.0632694885134697,0.7332435852869064,0.06378067284822464,0.7234340478021201,0.005,0,0.06378067284822464
232,0.0632631704211235,0.7333926387414503,0.06377566605806351,0.7235596976688388,0.005,0,0.06377566605806351
233,0.06325701624155045,0.7335392937948906,0.06377071887254715,0.7236822593376873,0.005,0,0.06377071887254715
234,0.06325090676546097,0.7336836696795085,0.06376583874225616,0.7238030199524865,0.005,0,0.06376583874225616
235,0.06324482709169388,0.733827043915099,0.06376107037067413,0.723922153579604,0.005,0,0.06376107037067413
236,0.06323883682489395,0.7339690408085193,0.06375633925199509,0.724039158150061,0.005,0,0.06375633925199509
237,0.0632328912615776,0.7341090333708651,0.06375174224376678,0.7241529241387792,0.005,0,0.06375174224376678
238,0.0632270947098732,0.7342473734270755,0.06374712288379669,0.7242689352284031,0.005,0,0.06374712288379669
239,0.0632212683558464,0.734383430345491,0.06374257057905197,0.724382803051867,0.005,0,0.06374257057905197
240,0.06321562826633453,0.7345175817765561,0.06373806297779083,0.72449300600861,0.005,0,0.06373806297779083
241,0.06320996582508087,0.7346502381011459,0.06373362988233566,0.7246042604683087,0.005,0,0.06373362988233566
242,0.06320439279079437,0.7347816702424054,0.0637291744351387,0.7247130862877346,0.005,0,0.0637291744351387
243,0.06319883465766907,0.7349111635134504,0.0637248083949089,0.7248207256139603,0.005,0,0.0637248083949089
244,0.06319332867860794,0.7350390664770514,0.06372051686048508,0.7249265473083875,0.005,0,0.06372051686048508
245,0.06318794190883636,0.7351655268007302,0.06371623277664185,0.7250323701869394,0.005,0,0.06371623277664185
246,0.06318259239196777,0.7352909028337642,0.06371201574802399,0.7251344204434,0.005,0,0.06371201574802399
247,0.06317728757858276,0.7354142498519776,0.0637078508734703,0.7252365156966089,0.005,0,0.0637078508734703
248,0.06317208707332611,0.7355365311195405,0.0637037605047226,0.7253375997071101,0.005,0,0.0637037605047226
249,0.06316692382097244,0.7356573513159258,0.06369966268539429,0.7254363663850837,0.005,0,0.06369966268539429
250,0.06316179782152176,0.7357768632737565,0.06369570642709732,0.7255342733883434,0.005,0,0.06369570642709732
251,0.06315670162439346,0.7358953546076097,0.06369173526763916,0.7256323390643465,0.005,0,0.06369173526763916
252,0.06315169483423233,0.7360123565437834,0.06368783116340637,0.7257297238685032,0.005,0,0.06368783116340637
253,0.06314681470394135,0.7361277371275368,0.06368396431207657,0.7258238665385462,0.005,0,0.06368396431207657
254,0.06314190477132797,0.7362417425438992,0.06368018686771393,0.7259166948298945,0.005,0,0.06368018686771393
255,0.06313706934452057,0.7363546342013562,0.0636763945221901,0.7260092211693804,0.005,0,0.0636763945221901
256,0.06313229352235794,0.736466153736113,0.06367265433073044,0.7261024141712134,0.005,0,0.06367265433073044
257,0.06312745064496994,0.7365763931413394,0.06366895139217377,0.7261936734970026,0.005,0,0.06366895139217377
258,0.06312279403209686,0.7366855279217334,0.06366533041000366,0.7262835106887265,0.005,0,0.06366533041000366
259,0.06311814486980438,0.7367935374168907,0.06366176158189774,0.7263712117190403,0.005,0,0.06366176158189774
260,0.06311352550983429,0.736900637147451,0.0636582151055336,0.7264581383316365,0.005,0,0.0636582151055336
261,0.06310904026031494,0.7370060040137768,0.06365468353033066,0.7265437541179128,0.005,0,0.06365468353033066
262,0.06310443580150604,0.7371104662262371,0.06365129351615906,0.726628639299095,0.005,0,0.06365129351615906
263,0.06309999525547028,0.7372138325129828,0.06364785134792328,0.7267128116370571,0.005,0,0.06364785134792328
264,0.0630955621600151,0.737316129515062,0.06364447623491287,0.7267966938644065,0.005,0,0.06364447623491287
265,0.0630912259221077,0.7374173061251579,0.06364116072654724,0.7268771741007736,0.005,0,0.06364116072654724
266,0.06308689713478088,0.7375174813037046,0.06363794207572937,0.7269593807913183,0.005,0,0.06363794207572937
267,0.06308262795209885,0.7376166236251398,0.06363464146852493,0.7270374560699117,0.005,0,0.06363464146852493
268,0.063078373670578,0.7377142287037483,0.06363144516944885,0.7271187012509969,0.005,0,0.06363144516944885
269,0.06307424604892731,0.7378112735591806,0.06362826377153397,0.7271978386896705,0.005,0,0.06362826377153397
270,0.06307007372379303,0.7379071859526043,0.06362508237361908,0.7272782609039151,0.005,0,0.06362508237361908
271,0.06306586414575577,0.7380017248097215,0.06362202763557434,0.7273550052260643,0.005,0,0.06362202763557434
272,0.06306184828281403,0.7380951432204864,0.06361893564462662,0.7274325002834321,0.005,0,0.06361893564462662
273,0.0630578026175499,0.7381873726793471,0.06361595541238785,0.7275082392834986,0.005,0,0.06361595541238785
274,0.06305389106273651,0.7382788561345006,0.0636129304766655,0.7275840114390637,0.005,0,0.0636129304766655
275,0.06304996460676193,0.7383693039053292,0.06360996514558792,0.7276580725340758,0.005,0,0.06360996514558792
276,0.06304603815078735,0.7384587346949358,0.06360708177089691,0.7277325539934452,0.005,0,0.06360708177089691
277,0.06304223835468292,0.7385468383797764,0.06360418349504471,0.7278047228567868,0.005,0,0.06360418349504471
278,0.0630384087562561,0.7386337399552977,0.06360138207674026,0.7278765613492674,0.005,0,0.06360138207674026
279,0.06303469091653824,0.7387198002717733,0.06359858810901642,0.7279483323466256,0.005,0,0.06359858810901642
280,0.06303095072507858,0.7388051225224865,0.06359582394361496,0.7280173395963502,0.005,0,0.06359582394361496
281,0.0630272775888443,0.7388892612582443,0.06359302252531052,0.728084029513547,0.005,0,0.06359302252531052
282,0.063023641705513,0.7389721902185852,0.06359037756919861,0.7281522587931792,0.005,0,0.06359037756919861
283,0.06302009522914886,0.739054625721478,0.0635877475142479,0.7282177136680531,0.005,0,0.0635877475142479
284,0.06301652640104294,0.7391361940310806,0.06358510255813599,0.7282852656282137,0.005,0,0.06358510255813599
285,0.06301295012235641,0.739217060050042,0.06358254700899124,0.7283483037040641,0.005,0,0.06358254700899124
286,0.06300942599773407,0.7392969637834835,0.0635799765586853,0.7284120262041356,0.005,0,0.0635799765586853
287,0.06300600618124008,0.7393762353085502,0.06357746571302414,0.7284742910463936,0.005,0,0.06357746571302414
288,0.06300259381532669,0.7394543349537317,0.06357499957084656,0.7285359069881787,0.005,0,0.06357499957084656
289,0.0629991814494133,0.7395315196692148,0.06357253342866898,0.7285976543678334,0.005,0,0.06357253342866898
290,0.0629957839846611,0.7396083533209317,0.06357008218765259,0.728657594772814,0.005,0,0.06357008218765259
291,0.06299245357513428,0.7396846511070017,0.06356766819953918,0.7287177518726604,0.005,0,0.06356766819953918
292,0.06298918277025223,0.7397600863211877,0.06356529146432877,0.7287781529022467,0.005,0,0.06356529146432877
293,0.06298595666885376,0.7398347449216462,0.06356292217969894,0.7288374976923773,0.005,0,0.06356292217969894
294,0.0629827231168747,0.7399083616396587,0.06356063485145569,0.7288952450979499,0.005,0,0.06356063485145569
295,0.06297945976257324,0.7399813896992541,0.06355831027030945,0.7289525922692897,0.005,0,0.06355831027030945
296,0.06297629326581955,0.7400530315544527,0.06355603039264679,0.7290103669097362,0.005,0,0.06355603039264679
297,0.06297314167022705,0.7401246559570469,0.0635538101196289,0.7290669751871068,0.005,0,0.0635538101196289
298,0.06297002732753754,0.7401956554911467,0.06355161219835281,0.7291229689036283,0.005,0,0.06355161219835281
299,0.0629669651389122,0.7402660965962632,0.0635494738817215,0.7291780401868135,0.005,0,0.0635494738817215
300,0.06296391785144806,0.740335517838575,0.06354731321334839,0.7292305502077315,0.005,0,0.06354731321334839
301,0.06296087056398392,0.7404046821306995,0.06354518234729767,0.7292852248090584,0.005,0,0.06354518234729767
302,0.06295789033174515,0.7404726383328615,0.06354308873414993,0.7293389994754231,0.005,0,0.06354308873414993
303,0.0629548653960228,0.7405403587345657,0.06354096531867981,0.729389630290045,0.005,0,0.06354096531867981
304,0.06295192241668701,0.7406070865669468,0.06353895366191864,0.7294397033818155,0.005,0,0.06353895366191864
305,0.0629490315914154,0.7406730922638245,0.06353693455457687,0.7294899718542025,0.005,0,0.06353693455457687
306,0.06294611841440201,0.740738443080252,0.06353496760129929,0.7295408193636904,0.005,0,0.06353496760129929
307,0.06294331699609756,0.7408030785573622,0.06353297084569931,0.7295891328457846,0.005,0,0.06353297084569931
308,0.06294044852256775,0.7408670003806085,0.06353099644184113,0.7296353492425921,0.005,0,0.06353099644184113
309,0.06293760985136032,0.740930549718511,0.06352904438972473,0.7296833264332006,0.005,0,0.06352904438972473
310,0.06293483078479767,0.7409935227942395,0.06352711468935013,0.729729111808526,0.005,0,0.06352711468935013
311,0.06293211132287979,0.7410557476914807,0.0635252520442009,0.7297745608923657,0.005,0,0.0635252520442009
312,0.06292936205863953,0.7411171843399249,0.06352342665195465,0.7298202562741951,0.005,0,0.06352342665195465
313,0.06292673200368881,0.7411785775471502,0.06352154165506363,0.7298658663990278,0.005,0,0.06352154165506363
314,0.06292397528886795,0.741239355835497,0.06351969391107559,0.7299128157691797,0.005,0,0.06351969391107559
315,0.06292127817869186,0.741299829056662,0.06351783871650696,0.7299596976442091,0.005,0,0.06351783871650696
316,0.06291861087083817,0.7413598460634762,0.0635160282254219,0.7300036203909879,0.005,0,0.0635160282254219
317,0.06291599571704865,0.7414187518667504,0.06351423263549805,0.7300471109321598,0.005,0,0.06351423263549805
318,0.06291333585977554,0.7414775191365761,0.06351244449615479,0.7300896198337481,0.005,0,0.06351244449615479
319,0.0629107728600502,0.7415358545495805,0.06351068615913391,0.7301312524828732,0.005,0,0.06351068615913391
320,0.06290821731090546,0.7415935444880555,0.06350896507501602,0.7301720704540325,0.005,0,0.06350896507501602
321,0.06290564686059952,0.7416508513935067,0.06350724399089813,0.7302126883080753,0.005,0,0.06350724399089813
322,0.06290314346551895,0.7417075835047597,0.06350553035736084,0.7302541682050818,0.005,0,0.06350553035736084
323,0.06290068477392197,0.7417639889641454,0.06350388377904892,0.7302949873603661,0.005,0,0.06350388377904892
324,0.062898188829422,0.7418198001650569,0.06350219994783401,0.7303356146874084,0.005,0,0.06350219994783401
325,0.06289578229188919,0.7418752284416837,0.0635005310177803,0.730374856588259,0.005,0,0.0635005310177803
326,0.062893345952034,0.741929870807401,0.06349892169237137,0.7304128089770389,0.005,0,0.06349892169237137
327,0.0628909096121788,0.7419844226479252,0.06349730491638184,0.7304526216261154,0.005,0,0.06349730491638184
328,0.06288842856884003,0.7420384741260764,0.06349567323923111,0.7304900719459163,0.005,0,0.06349567323923111
329,0.06288602948188782,0.74209161486098,0.06349409371614456,0.7305289455839074,0.005,0,0.06349409371614456
330,0.06288372725248337,0.7421447219411719,0.06349251419305801,0.7305659648822264,0.005,0,0.06349251419305801
331,0.06288140267133713,0.742197750566197,0.06349096447229385,0.7306033500751551,0.005,0,0.06349096447229385
332,0.06287907809019089,0.7422494388203014,0.06348942965269089,0.7306430443117364,0.005,0,0.06348942965269089
333,0.06287682056427002,0.7423010931478471,0.0634879618883133,0.7306795129919537,0.005,0,0.0634879618883133
334,0.06287446618080139,0.7423526441190014,0.06348642706871033,0.7307150781848339,0.005,0,0.06348642706871033
335,0.06287220865488052,0.7424043469984972,0.06348493695259094,0.7307508944122035,0.005,0,0.06348493695259094
336,0.06286993622779846,0.7424555303231921,0.06348340958356857,0.7307864548685837,0.005,0,0.06348340958356857
337,0.06286768615245819,0.7425062991349313,0.06348197162151337,0.730823347465533,0.005,0,0.06348197162151337
338,0.06286546587944031,0.7425566382646281,0.06348051875829697,0.7308588451632911,0.005,0,0.06348051875829697
339,0.06286326050758362,0.7426067159314705,0.06347906589508057,0.7308941877406805,0.005,0,0.06347906589508057
340,0.06286101788282394,0.7426567410773901,0.06347758322954178,0.7309307286525197,0.005,0,0.06347758322954178
341,0.06285886466503143,0.7427065572813777,0.06347616761922836,0.7309653133899409,0.005,0,0.06347616761922836
342,0.06285671144723892,0.7427557939610219,0.06347472965717316,0.7310012728964295,0.005,0,0.06347472965717316
343,0.06285452097654343,0.7428047917411478,0.06347332149744034,0.7310364035154528,0.005,0,0.06347332149744034
344,0.06285244971513748,0.742852965497355,0.0634719654917717,0.731071517556727,0.005,0,0.0634719654917717
345,0.06285028159618378,0.7429007467058785,0.06347056478261948,0.7311057139011646,0.005,0,0.06347056478261948
346,0.06284813582897186,0.7429479104945272,0.06346919387578964,0.7311395550081172,0.005,0,0.06346919387578964
347,0.06284604221582413,0.742994957334413,0.06346786022186279,0.7311715879562708,0.005,0,0.06346786022186279
348,0.06284390389919281,0.7430420983422474,0.06346652656793594,0.7312036694535473,0.005,0,0.06346652656793594
349,0.06284190714359283,0.7430889996893908,0.06346513330936432,0.7312356467478284,0.005,0,0.06346513330936432
350,0.06283985078334808,0.7431354937003505,0.06346383690834045,0.7312671705222533,0.005,0,0.06346383690834045
351,0.06283776462078094,0.743181827919393,0.06346248835325241,0.7312992484671549,0.005,0,0.06346248835325241
352,0.06283576041460037,0.7432280488324282,0.06346119940280914,0.7313317384875395,0.005,0,0.06346119940280914
353,0.06283369660377502,0.7432740406324524,0.06345988810062408,0.7313638922164378,0.005,0,0.06345988810062408
354,0.06283169239759445,0.7433196266730081,0.06345854699611664,0.7313959239804666,0.005,0,0.06345854699611664
355,0.06282967329025269,0.7433648375097458,0.06345727294683456,0.7314266863625486,0.005,0,0.06345727294683456
356,0.0628277137875557,0.7434098322821492,0.06345593929290771,0.7314576583347466,0.005,0,0.06345593929290771
357,0.06282573938369751,0.7434547144553486,0.06345459818840027,0.7314899991553875,0.005,0,0.06345459818840027
358,0.06282379478216171,0.7434995819487868,0.0634533166885376,0.7315200629037487,0.005,0,0.0634533166885376
359,0.0628218799829483,0.7435436299853433,0.06345204263925552,0.7315509626443248,0.005,0,0.06345204263925552
360,0.06281989067792892,0.743587536008804,0.06345079094171524,0.7315804461714608,0.005,0,0.06345079094171524
361,0.06281794607639313,0.7436312014472926,0.06344953179359436,0.7316108284494336,0.005,0,0.06344953179359436
362,0.06281601637601852,0.7436744432387519,0.06344827264547348,0.7316393256004858,0.005,0,0.06344827264547348
363,0.06281410902738571,0.7437176917720273,0.06344706565141678,0.7316698428687032,0.005,0,0.06344706565141678
364,0.06281214952468872,0.7437605818472863,0.06344582885503769,0.7316999267471886,0.005,0,0.06344582885503769
365,0.06281028687953949,0.7438031427696815,0.06344456970691681,0.7317296470993144,0.005,0,0.06344456970691681
366,0.06280834972858429,0.7438452502505695,0.06344339996576309,0.7317583621293576,0.005,0,0.06344339996576309
367,0.06280646473169327,0.7438874603810457,0.06344214081764221,0.7317879640689883,0.005,0,0.06344214081764221
368,0.06280455738306046,0.7439294682026673,0.0634409710764885,0.7318171645902609,0.005,0,0.0634409710764885
369,0.0628027617931366,0.7439713224848624,0.06343977898359299,0.7318469358597596,0.005,0,0.06343977898359299
370,0.06280093640089035,0.7440130693873243,0.06343860179185867,0.7318754176171874,0.005,0,0.06343860179185867
371,0.0627991333603859,0.7440545486831794,0.06343740224838257,0.7319030527252759,0.005,0,0.06343740224838257
372,0.06279730796813965,0.7440958050641451,0.06343625485897064,0.7319309495249784,0.005,0,0.06343625485897064
373,0.06279551982879639,0.7441367043463314,0.0634351372718811,0.7319584520110722,0.005,0,0.0634351372718811
374,0.06279369443655014,0.7441776651747751,0.06343402713537216,0.7319866365531376,0.005,0,0.06343402713537216
375,0.06279195845127106,0.7442184896989192,0.0634329542517662,0.7320131822662719,0.005,0,0.0634329542517662
376,0.06279014050960541,0.7442593474971885,0.06343182921409607,0.7320401814992621,0.005,0,0.06343182921409607
377,0.06278831511735916,0.7443001077022314,0.06343076378107071,0.73206640276216,0.005,0,0.06343076378107071
378,0.0627865269780159,0.7443410570587138,0.06342970579862595,0.7320937276295114,0.005,0,0.06342970579862595
379,0.06278478354215622,0.7443815878245289,0.0634286031126976,0.7321196090485487,0.005,0,0.0634286031126976
380,0.06278304755687714,0.7444221555072247,0.06342750787734985,0.7321460955554352,0.005,0,0.06342750787734985
381,0.06278134137392044,0.7444627362929663,0.06342639029026031,0.7321726199543205,0.005,0,0.06342639029026031
382,0.06277956068515778,0.7445033408925424,0.06342530995607376,0.7321999874501701,0.005,0,0.06342530995607376
383,0.06277783215045929,0.7445437518280122,0.06342417746782303,0.7322276628185069,0.005,0,0.06342417746782303
384,0.06277608126401901,0.7445839468622559,0.06342307478189468,0.7322547153371198,0.005,0,0.06342307478189468
385,0.06277438253164291,0.7446239931415878,0.06342196464538574,0.7322804913690363,0.005,0,0.06342196464538574
386,0.06277266144752502,0.7446640423025026,0.06342089176177979,0.7323067718381818,0.005,0,0.06342089176177979
387,0.06277092546224594,0.7447034410956344,0.06341978162527084,0.732332650888969,0.005,0,0.06341978162527084
388,0.06276923418045044,0.7447428702813085,0.06341874599456787,0.7323571480659394,0.005,0,0.06341874599456787
389,0.06276756525039673,0.7447817507157678,0.06341767311096191,0.7323830401421011,0.005,0,0.06341767311096191
390,0.06276588141918182,0.7448202358296996,0.06341663748025894,0.7324069961739691,0.005,0,0.06341663748025894
391,0.06276419013738632,0.744858715615422,0.06341561675071716,0.7324305140796056,0.005,0,0.06341561675071716
392,0.06276247650384903,0.7448971657697748,0.06341458112001419,0.7324538318681255,0.005,0,0.06341458112001419
393,0.06276073306798935,0.744935372946898,0.06341353803873062,0.7324772372818917,0.005,0,0.06341353803873062
394,0.06275909394025803,0.7449733307855618,0.06341253221035004,0.7325020032552259,0.005,0,0.06341253221035004
395,0.06275743246078491,0.7450112171827219,0.06341154128313065,0.7325270131582995,0.005,0,0.06341154128313065
396,0.06275583803653717,0.7450488786533215,0.06341047585010529,0.732551033132915,0.005,0,0.06341047585010529
397,0.06275418400764465,0.7450865998759855,0.06340944021940231,0.7325760063281153,0.005,0,0.06340944021940231
398,0.06275248527526855,0.7451240717058203,0.06340840458869934,0.7326012506879291,0.005,0,0.06340840458869934
399,0.06275083869695663,0.7451612641852398,0.06340737640857697,0.7326248727965613,0.005,0,0.06340737640857697
400,0.06274919956922531,0.745198500867051,0.06340629607439041,0.7326499490106324,0.005,0,0.06340629607439041
401,0.0627475455403328,0.7452357598403511,0.06340524554252625,0.732673177989781,0.005,0,0.06340524554252625
402,0.06274589151144028,0.7452726896064179,0.06340420246124268,0.7326978729156179,0.005,0,0.06340420246124268
403,0.06274425983428955,0.745309784220764,0.06340307742357254,0.7327228236124442,0.005,0,0.06340307742357254
404,0.06274261325597763,0.7453469041712901,0.06340200453996658,0.732747713918898,0.005,0,0.06340200453996658
405,0.0627409890294075,0.7453839123381546,0.06340095400810242,0.7327722324101175,0.005,0,0.06340095400810242
406,0.06273939460515976,0.7454217353948644,0.06339985877275467,0.7327974838746811,0.005,0,0.06339985877275467
407,0.06273777037858963,0.7454574923023949,0.0633988231420517,0.7328223670763853,0.005,0,0.0633988231420517
408,0.0627361536026001,0.745493761968541,0.06339777261018753,0.7328465469078689,0.005,0,0.06339777261018753
409,0.06273456662893295,0.7455300418561503,0.06339674443006516,0.7328705337269857,0.005,0,0.06339674443006516
410,0.06273297965526581,0.7455659799771753,0.06339569389820099,0.7328949172279609,0.005,0,0.06339569389820099
411,0.06273139268159866,0.7456019908445715,0.06339467316865921,0.7329204031492645,0.005,0,0.06339467316865921
412,0.0627298429608345,0.7456381940712066,0.06339361518621445,0.7329451489924745,0.005,0,0.06339361518621445
413,0.06272828578948975,0.7456743199844337,0.06339256465435028,0.7329696544583195,0.005,0,0.06339256465435028
414,0.0627267137169838,0.7457103642346937,0.06339147686958313,0.7329952931317418,0.005,0,0.06339147686958313
415,0.06272519379854202,0.7457463946207352,0.06339041888713837,0.7330211378429055,0.005,0,0.06339041888713837
416,0.0627235546708107,0.7457826475410798,0.06338933855295181,0.7330461145904807,0.005,0,0.06338933855295181
417,0.06272195279598236,0.7458184013495496,0.06338827311992645,0.7330705916373268,0.005,0,0.06338827311992645
418,0.0627204030752182,0.7458538551471997,0.06338723003864288,0.7330945014883219,0.005,0,0.06338723003864288
419,0.06271885335445404,0.7458894567754804,0.06338615715503693,0.733118553434311,0.005,0,0.06338615715503693
420,0.06271730363368988,0.7459251286491357,0.06338510662317276,0.7331433063822705,0.005,0,0.06338510662317276
421,0.06271574646234512,0.745960979289659,0.06338400393724442,0.7331685862658329,0.005,0,0.06338400393724442
422,0.06271418929100037,0.7459965758072079,0.06338299065828323,0.7331952302613381,0.005,0,0.06338299065828323
423,0.0627126395702362,0.7460314390978785,0.06338191032409668,0.7332200826757935,0.005,0,0.06338191032409668
424,0.06271111965179443,0.7460663185906558,0.06338087469339371,0.7332437332034245,0.005,0,0.06338087469339371
425,0.06270956993103027,0.7461011929183318,0.06337988376617432,0.7332678135684123,0.005,0,0.06337988376617432
426,0.06270807236433029,0.7461361210717984,0.06337886303663254,0.7332922953517582,0.005,0,0.06337886303663254
427,0.06270654499530792,0.746171114903603,0.06337784975767136,0.733315759971772,0.005,0,0.06337784975767136
428,0.06270503252744675,0.7462057850194925,0.06337684392929077,0.7333395135182735,0.005,0,0.06337684392929077
429,0.06270353496074677,0.746240543648904,0.06337583810091019,0.7333639716191205,0.005,0,0.06337583810091019
430,0.06270197778940201,0.74627520251031,0.06337479501962662,0.7333870265319016,0.005,0,0.06337479501962662
431,0.06270047277212143,0.7463097143022582,0.06337378919124603,0.7334091246717227,0.005,0,0.06337378919124603
432,0.06269897520542145,0.7463442233757323,0.06337275356054306,0.7334337378929381,0.005,0,0.06337275356054306
433,0.06269743293523788,0.7463787979100667,0.06337171792984009,0.7334573469761958,0.005,0,0.06337171792984009
434,0.06269589066505432,0.7464131154942135,0.06337069720029831,0.7334807796248359,0.005,0,0.06337069720029831
435,0.06269437074661255,0.7464469034108351,0.06336969137191772,0.7335036344205002,0.005,0,0.06336969137191772
436,0.06269288808107376,0.7464810275483534,0.06336868554353714,0.7335273761257524,0.005,0,0.06336868554353714
437,0.06269139796495438,0.7465148835355704,0.06336767971515656,0.7335492871738314,0.005,0,0.06336767971515656
438,0.0626898854970932,0.7465485067670209,0.06336662918329239,0.7335722461724913,0.005,0,0.06336662918329239
439,0.0626884400844574,0.7465822142711737,0.06336565315723419,0.7335941370904463,0.005,0,0.06336565315723419
440,0.0626869648694992,0.7466160933110523,0.06336463987827301,0.7336162529921417,0.005,0,0.06336463987827301
441,0.06268546730279922,0.746650623969212,0.06336364895105362,0.733638870962816,0.005,0,0.06336364895105362
442,0.06268399208784103,0.7466835981921169,0.06336268037557602,0.733662759499562,0.005,0,0.06336268037557602
443,0.06268256157636642,0.7467175563939663,0.06336160004138947,0.7336859411137125,0.005,0,0.06336160004138947
444,0.06268110126256943,0.7467516392650452,0.06336056441068649,0.7337098497805825,0.005,0,0.06336056441068649
445,0.06267959624528885,0.7467855593538854,0.06335960328578949,0.7337333807115936,0.005,0,0.06335960328578949
446,0.06267813593149185,0.7468193354179591,0.0633586198091507,0.7337578222346912,0.005,0,0.0633586198091507
447,0.06267666071653366,0.7468528465939005,0.0633576363325119,0.7337813661910767,0.005,0,0.0633576363325119
448,0.06267520785331726,0.7468864124111745,0.0633566603064537,0.7338031884297844,0.005,0,0.0633566603064537
449,0.06267376989126205,0.7469194745495371,0.06335566192865372,0.7338259283653286,0.005,0,0.06335566192865372
450,0.06267231702804565,0.7469527878205521,0.06335468590259552,0.7338503805455507,0.005,0,0.06335468590259552
451,0.06267089396715164,0.7469857326295655,0.06335366517305374,0.7338742229014236,0.005,0,0.06335366517305374
452,0.06266946345567703,0.7470184282632277,0.06335268169641495,0.7338977822514334,0.005,0,0.06335268169641495
453,0.06266801804304123,0.7470512931490978,0.06335175782442093,0.7339212196365733,0.005,0,0.06335175782442093
454,0.06266658753156662,0.7470838089828723,0.06335075944662094,0.7339437748486253,0.005,0,0.06335075944662094
455,0.06266514211893082,0.7471165152729539,0.06334973871707916,0.7339657794425754,0.005,0,0.06334973871707916
456,0.062663733959198,0.7471491738266272,0.06334871798753738,0.7339886946286122,0.005,0,0.06334871798753738
457,0.06266234815120697,0.7471821098277839,0.06334773451089859,0.7340119792616335,0.005,0,0.06334773451089859
458,0.06266089528799057,0.7472147494065069,0.06334669142961502,0.7340351963995326,0.005,0,0.06334669142961502
459,0.06265945732593536,0.7472471400817264,0.06334569305181503,0.7340585876037995,0.005,0,0.06334569305181503
460,0.06265801936388016,0.7472794715485763,0.06334470957517624,0.7340807046896198,0.005,0,0.06334470957517624
461,0.06265662610530853,0.747311941222658,0.06334374845027924,0.7341021278782193,0.005,0,0.06334374845027924
462,0.06265519559383392,0.7473443342901348,0.06334279477596283,0.7341248725502634,0.005,0,0.06334279477596283
463,0.0626537948846817,0.7473764891648965,0.06334186345338821,0.734147340137069,0.005,0,0.06334186345338821
464,0.06265238672494888,0.7474088632574231,0.06334088742733002,0.7341695685306346,0.005,0,0.06334088742733002
465,0.06265095621347427,0.7474411718890891,0.06333993375301361,0.7341918478415732,0.005,0,0.06333993375301361
466,0.06264956295490265,0.7474732101413051,0.06333894282579422,0.7342146055389918,0.005,0,0.06333894282579422
467,0.06264816224575043,0.7475051658606425,0.06333795189857483,0.7342376261121492,0.005,0,0.06333795189857483
468,0.0626467764377594,0.7475374164256984,0.06333697587251663,0.7342619030418787,0.005,0,0.06333697587251663
469,0.06264542788267136,0.7475695088842911,0.06333600729703903,0.7342852906937706,0.005,0,0.06333600729703903
470,0.06264408677816391,0.7476012524538969,0.06333501636981964,0.7343084438889225,0.005,0,0.06333501636981964
471,0.06264267861843109,0.7476328980496901,0.06333404034376144,0.7343317865440664,0.005,0,0.06333404034376144
472,0.06264130771160126,0.7476644028828862,0.06333304941654205,0.7343550048660904,0.005,0,0.06333304941654205
473,0.06263996660709381,0.7476959683380582,0.06333208829164505,0.7343791065453273,0.005,0,0.06333208829164505
474,0.06263858079910278,0.7477274207047008,0.06333110481500626,0.7344028908790776,0.005,0,0.06333110481500626
475,0.06263726949691772,0.7477585197784281,0.06333012133836746,0.73442615419785,0.005,0,0.06333012133836746
476,0.06263593584299088,0.7477895990072934,0.06332916021347046,0.7344495359291172,0.005,0,0.06332916021347046
477,0.06263459473848343,0.747820490933282,0.06332820653915405,0.7344722450774125,0.005,0,0.06332820653915405
478,0.06263323128223419,0.7478510623511547,0.06332723796367645,0.7344948310767133,0.005,0,0.06332723796367645
479,0.06263188272714615,0.74788156167509,0.06332626938819885,0.734516986054532,0.005,0,0.06332626938819885
480,0.0626305416226387,0.7479119651999924,0.06332524865865707,0.734539683361578,0.005,0,0.06332524865865707
481,0.06262916326522827,0.7479422317681612,0.06332427263259888,0.7345620822691366,0.005,0,0.06332427263259888
482,0.06262784451246262,0.7479725938091463,0.06332329660654068,0.7345845664336915,0.005,0,0.06332329660654068
483,0.06262651085853577,0.7480028117709955,0.06332232058048248,0.7346073904421072,0.005,0,0.06332232058048248
484,0.06262518465518951,0.7480329756895762,0.06332127004861832,0.7346302298441472,0.005,0,0.06332127004861832
485,0.06262389570474625,0.7480630505509399,0.06332027167081833,0.7346529437289424,0.005,0,0.06332027167081833
486,0.06262253224849701,0.7480930597339657,0.06331925094127655,0.7346759856163491,0.005,0,0.06331925094127655
487,0.06262122839689255,0.7481229811102726,0.06331822276115417,0.7346992181478724,0.005,0,0.06331822276115417
488,0.06261990964412689,0.7481529622930133,0.06331722438335419,0.7347236573027203,0.005,0,0.06331722438335419
489,0.06261856853961945,0.7481830356320316,0.06331625580787659,0.7347482527620615,0.005,0,0.06331625580787659
490,0.06261727958917618,0.7482130608540553,0.0633152574300766,0.7347708553391114,0.005,0,0.0633152574300766
491,0.06261598318815231,0.748243198784022,0.06331421434879303,0.7347947213774833,0.005,0,0.06331421434879303
492,0.06261465698480606,0.7482732168292737,0.06331322342157364,0.7348191285609573,0.005,0,0.06331322342157364
493,0.06261327862739563,0.7483032181830935,0.06331222504377365,0.7348430952499501,0.005,0,0.06331222504377365
494,0.06261200457811356,0.748333045391452,0.06331117451190948,0.7348669790501963,0.005,0,0.06331117451190948
495,0.0626106709241867,0.7483627053049042,0.06331021338701248,0.734890871139317,0.005,0,0.06331021338701248
496,0.06260939687490463,0.7483922265217995,0.06330914795398712,0.7349144541718257,0.005,0,0.06330914795398712
497,0.06260809302330017,0.7484217002197647,0.06330818682909012,0.7349377577508461,0.005,0,0.06330818682909012
498,0.06260675936937332,0.748451144231991,0.06330716609954834,0.7349612484216088,0.005,0,0.06330716609954834
499,0.06260547041893005,0.7484808290466676,0.06330623477697372,0.7349863483181787,0.005,0,0.06330623477697372
500,0.06260418146848679,0.7485106737076307,0.06330519914627075,0.735010827733275,0.005,0,0.06330519914627075
501,0.06260291486978531,0.748540370048638,0.06330425292253494,0.7350338080461839,0.005,0,0.06330425292253494
502,0.06260161101818085,0.7485699029549727,0.06330322474241257,0.7350573756850683,0.005,0,0.06330322474241257
503,0.06260035187005997,0.7485995870084765,0.06330222636461258,0.7350806354514656,0.005,0,0.06330222636461258
504,0.06259909272193909,0.7486291809173737,0.06330129504203796,0.7351040361287321,0.005,0,0.06330129504203796
505,0.06259782612323761,0.7486584175100136,0.06330033391714096,0.7351271005145127,0.005,0,0.06330033391714096
506,0.06259655952453613,0.7486880294152102,0.06329941004514694,0.7351494804760721,0.005,0,0.06329941004514694
507,0.06259529292583466,0.7487172695418668,0.06329844146966934,0.7351726940615965,0.005,0,0.06329844146966934
508,0.06259402632713318,0.7487464722623174,0.06329748034477234,0.7351955310953865,0.005,0,0.06329748034477234
509,0.06259272247552872,0.7487758235745713,0.06329654157161713,0.7352195321240027,0.005,0,0.06329654157161713
510,0.06259150058031082,0.7488049481660716,0.06329557299613953,0.73524136146746,0.005,0,0.06329557299613953
511,0.06259017437696457,0.7488339496106877,0.06329461187124252,0.7352637544543938,0.005,0,0.06329461187124252
512,0.06258892267942429,0.7488630178754012,0.06329366564750671,0.7352855648518521,0.005,0,0.06329366564750671
513,0.06258765608072281,0.7488919408104805,0.06329268962144852,0.735308834091249,0.005,0,0.06329268962144852
514,0.06258644163608551,0.7489206907962275,0.06329170614480972,0.7353312768114307,0.005,0,0.06329170614480972
515,0.06258518993854523,0.748949836483088,0.06329075247049332,0.7353551404815527,0.005,0,0.06329075247049332
516,0.06258397549390793,0.7489786481782005,0.06328973174095154,0.7353783848543257,0.005,0,0.06328973174095154
517,0.06258272379636765,0.7490071741072984,0.06328878551721573,0.7354009684853765,0.005,0,0.06328878551721573
518,0.06258147954940796,0.7490360083113778,0.06328782439231873,0.735424868863372,0.005,0,0.06328782439231873
519,0.06258025020360947,0.7490645201587793,0.06328682601451874,0.7354469089810705,0.005,0,0.06328682601451874
520,0.06257898360490799,0.7490928931465151,0.06328590214252472,0.7354679733798101,0.005,0,0.06328590214252472
521,0.06257772445678711,0.749121186700433,0.06328494101762772,0.7354900798085059,0.005,0,0.06328494101762772
522,0.06257645040750504,0.7491495794786617,0.0632839947938919,0.7355116214096005,0.005,0,0.0632839947938919
523,0.06257523596286774,0.7491779282719766,0.0632830336689949,0.735532282021732,0.005,0,0.0632830336689949
524,0.06257405132055283,0.7492058481987918,0.06328209489583969,0.7355535441693385,0.005,0,0.06328209489583969
525,0.06257288157939911,0.7492334345688146,0.06328118592500687,0.735574470025459,0.005,0,0.06328118592500687
526,0.06257160007953644,0.7492611530023174,0.06328018009662628,0.7355954065387038,0.005,0,0.06328018009662628
527,0.06257039308547974,0.749288800266164,0.06327922642230988,0.7356164129153211,0.005,0,0.06327922642230988
528,0.06256912648677826,0.7493167287289884,0.06327824294567108,0.7356371883875727,0.005,0,0.06327824294567108
529,0.06256788223981857,0.7493444788055313,0.06327725201845169,0.735659638212504,0.005,0,0.06327725201845169
530,0.06256668269634247,0.7493724975760708,0.0632762685418129,0.7356807772111155,0.005,0,0.0632762685418129
531,0.06256544589996338,0.7494003130047352,0.0632752850651741,0.735702105669719,0.005,0,0.0632752850651741
532,0.06256420910358429,0.7494282177080944,0.06327435374259949,0.7357233559760759,0.005,0,0.06327435374259949
533,0.06256300956010818,0.7494558983548051,0.06327340006828308,0.7357445269460612,0.005,0,0.06327340006828308
534,0.0625617727637291,0.7494834063240301,0.06327245384454727,0.7357655901606757,0.005,0,0.06327245384454727
535,0.0625605657696724,0.7495110359721635,0.06327152997255325,0.7357866166674168,0.005,0,0.06327152997255325
536,0.06255937367677689,0.7495381870600873,0.06327060610055923,0.7358066189060761,0.005,0,0.06327060610055923
537,0.06255818903446198,0.7495653607657173,0.06326968967914581,0.7358275341050721,0.005,0,0.06326968967914581
538,0.06255695968866348,0.7495925039156963,0.06326878815889359,0.7358483285233232,0.005,0,0.06326878815889359
539,0.06255579739809036,0.7496196050380632,0.06326784938573837,0.7358686777105927,0.005,0,0.06326784938573837
540,0.06255459785461426,0.7496467923904339,0.06326693296432495,0.7358893276655998,0.005,0,0.06326693296432495
541,0.06255342066287994,0.7496738952526244,0.06326605379581451,0.7359097431638666,0.005,0,0.06326605379581451
542,0.06255222856998444,0.7497007476889658,0.0632651224732399,0.7359293214857938,0.005,0,0.0632651224732399
543,0.06255104392766953,0.7497271827851382,0.06326425820589066,0.7359491484739603,0.005,0,0.06326425820589066
544,0.0625499039888382,0.7497533813196801,0.06326337903738022,0.7359685669390192,0.005,0,0.06326337903738022
545,0.06254874914884567,0.749779707459404,0.06326247751712799,0.7359884815524322,0.005,0,0.06326247751712799
546,0.06254757940769196,0.7498061425555764,0.06326157599687576,0.7360088496857011,0.005,0,0.06326157599687576
547,0.06254644691944122,0.7498324428154254,0.06326062232255936,0.7360290579621016,0.005,0,0.06326062232255936
548,0.0625452771782875,0.7498586220488,0.06325969099998474,0.7360499696087227,0.005,0,0.06325969099998474
549,0.06254411488771439,0.7498849859209468,0.06325879693031311,0.7360691204615426,0.005,0,0.06325879693031311
550,0.06254290789365768,0.7499110192266231,0.06325789541006088,0.736088432355356,0.005,0,0.06325789541006088
551,0.06254173815250397,0.7499370566643803,0.06325697898864746,0.736107700436546,0.005,0,0.06325697898864746
552,0.06254059821367264,0.7499628368801025,0.06325608491897583,0.7361255073075477,0.005,0,0.06325608491897583
553,0.06253944337368011,0.7499886173133027,0.06325525045394897,0.7361438588760263,0.005,0,0.06325525045394897
554,0.062538281083107,0.7500142371390434,0.06325431168079376,0.7361638054608128,0.005,0,0.06325431168079376
555,0.06253712624311447,0.7500401208742657,0.06325340270996094,0.7361832452401208,0.005,0,0.06325340270996094
556,0.06253600120544434,0.7500657709838098,0.06325250118970871,0.7362025571339341,0.005,0,0.06325250118970871
557,0.0625348761677742,0.7500916675502307,0.0632515624165535,0.7362227997499583,0.005,0,0.0632515624165535
558,0.06253368407487869,0.7501171037702196,0.06325066089630127,0.7362415397114206,0.005,0,0.06325066089630127
559,0.06253254413604736,0.7501428491351019,0.06324977427721024,0.7362614045915856,0.005,0,0.06324977427721024
560,0.06253141909837723,0.7501683915386956,0.06324892491102219,0.7362812090813783,0.005,0,0.06324892491102219
561,0.06253030151128769,0.7501939580823407,0.06324804574251175,0.7363006796479348,0.005,0,0.06324804574251175
562,0.06252915412187576,0.7502195199502103,0.0632471963763237,0.7363191756796574,0.005,0,0.0632471963763237
563,0.06252804398536682,0.7502452664568517,0.06324636191129684,0.7363396989332948,0.005,0,0.06324636191129684
564,0.06252691149711609,0.7502709685436237,0.0632454976439476,0.7363596336768319,0.005,0,0.0632454976439476
565,0.06252577900886536,0.7502966327348645,0.06324464827775955,0.7363781924671768,0.005,0,0.06324464827775955
566,0.06252465397119522,0.7503223314507285,0.06324382871389389,0.7363974865991157,0.005,0,0.06324382871389389
567,0.06252354383468628,0.7503478834233516,0.06324298679828644,0.7364167878358047,0.005,0,0.06324298679828644
568,0.06252239644527435,0.7503731210859803,0.0632421225309372,0.7364360038154969,0.005,0,0.0632421225309372
569,0.06252127140760422,0.7503985447466182,0.06324130296707153,0.7364534791315123,0.005,0,0.06324130296707153
570,0.06252017617225647,0.7504238457496973,0.0632404312491417,0.7364705956576679,0.005,0,0.0632404312491417
571,0.06251898407936096,0.7504489548284936,0.06323959678411484,0.7364895463933714,0.005,0,0.06323959678411484
572,0.06251785904169083,0.7504740510760912,0.0632387027144432,0.736507871911101,0.005,0,0.0632387027144432
573,0.06251679360866547,0.7504993207623467,0.06323788315057755,0.736525529582359,0.005,0,0.06323788315057755
574,0.06251570582389832,0.7505241489140124,0.06323708593845367,0.7365438065509657,0.005,0,0.06323708593845367
575,0.06251457333564758,0.7505490349691802,0.06323616206645966,0.7365635056536377,0.005,0,0.06323616206645966
576,0.06251347064971924,0.7505738619247171,0.06323536485433578,0.7365817092064975,0.005,0,0.06323536485433578
577,0.06251239031553268,0.7505988878725703,0.06323451548814774,0.736600826903819,0.005,0,0.06323451548814774
578,0.06251130998134613,0.750623640396282,0.06323365122079849,0.7366197527728985,0.005,0,0.06323365122079849
579,0.06251019984483719,0.7506481321639423,0.06323273479938507,0.7366381114461269,0.005,0,0.06323273479938507
580,0.06250910460948944,0.7506724961089428,0.06323191523551941,0.7366563197354865,0.005,0,0.06323191523551941
581,0.06250801682472229,0.7506968646753496,0.06323107331991196,0.7366741360794877,0.005,0,0.06323107331991196
582,0.06250689178705215,0.7507211986627638,0.06323026865720749,0.7366923254228481,0.005,0,0.06323026865720749
583,0.0625058263540268,0.7507455629883507,0.06322942674160004,0.7367110618319357,0.005,0,0.06322942674160004
584,0.06250473856925964,0.7507695162262593,0.06322859972715378,0.7367298621837703,0.005,0,0.06322859972715378
585,0.06250365823507309,0.7507933949779734,0.06322778016328812,0.7367480538953809,0.005,0,0.06322778016328812
586,0.06250257045030594,0.7508171557479042,0.06322696805000305,0.7367663711242358,0.005,0,0.06322696805000305
587,0.06250147521495819,0.7508409258150172,0.0632261335849762,0.7367850566159505,0.005,0,0.0632261335849762
588,0.06250038743019104,0.7508647932578781,0.06322528421878815,0.7368029617693229,0.005,0,0.06322528421878815
589,0.062499336898326874,0.7508881486489268,0.0632244274020195,0.7368214424074211,0.005,0,0.0632244274020195
590,0.06249821186065674,0.7509117932856372,0.06322360038757324,0.7368402486798806,0.005,0,0.06322360038757324
591,0.06249713897705078,0.7509353043908917,0.06322278827428818,0.7368580105541341,0.005,0,0.06322278827428818
592,0.06249610707163811,0.7509585864918744,0.06322194635868073,0.7368761217452477,0.005,0,0.06322194635868073
593,0.062495023012161255,0.7509818010115867,0.06322111934423447,0.7368948309194614,0.005,0,0.06322111934423447
594,0.06249397620558739,0.7510051365034038,0.06322034448385239,0.7369124518828459,0.005,0,0.06322034448385239
595,0.06249289587140083,0.7510282365209804,0.06321952491998672,0.7369293813172593,0.005,0,0.06321952491998672
596,0.06249184161424637,0.7510511628280513,0.06321873515844345,0.7369462550978,0.005,0,0.06321873515844345
597,0.062490809708833694,0.7510742213617104,0.06321795284748077,0.736963315970083,0.005,0,0.06321795284748077
598,0.06248977407813072,0.7510972255802539,0.06321718543767929,0.7369806776101032,0.005,0,0.06321718543767929
599,0.062488675117492676,0.7511202406183247,0.06321645528078079,0.7369971973372837,0.005,0,0.06321645528078079
600,0.06248762458562851,0.7511432003082595,0.0632157176733017,0.737014465431433,0.005,0,0.0632157176733017
601,0.06248660013079643,0.7511660673525917,0.0632149800658226,0.7370302498170196,0.005,0,0.0632149800658226
602,0.06248557195067406,0.7511889885489311,0.06321422010660172,0.7370470028168155,0.005,0,0.06321422010660172
603,0.06248446926474571,0.7512115728175702,0.06321346759796143,0.7370630666558902,0.005,0,0.06321346759796143
604,0.062483418732881546,0.751234244892928,0.06321270763874054,0.73707924890746,0.005,0,0.06321270763874054
605,0.062482353299856186,0.7512568398179862,0.06321203708648682,0.7370957212696426,0.005,0,0.06321203708648682
606,0.0624813549220562,0.7512792821278994,0.06321128457784653,0.7371105015172714,0.005,0,0.06321128457784653
607,0.06248030439019203,0.751301758092524,0.06321055442094803,0.7371262349854852,0.005,0,0.06321055442094803
608,0.06247926130890846,0.7513243100656887,0.06320983171463013,0.7371423592149323,0.005,0,0.06320983171463013
609,0.06247818470001221,0.7513467542785339,0.06320907920598984,0.7371589144658616,0.005,0,0.06320907920598984
610,0.062477193772792816,0.7513689440421878,0.06320833414793015,0.7371760653316406,0.005,0,0.06320833414793015
611,0.062476154416799545,0.7513913405729944,0.06320755928754807,0.7371938035233951,0.005,0,0.06320755928754807
612,0.06247512996196747,0.7514136750682181,0.0632067620754242,0.7372099691972156,0.005,0,0.0632067620754242
613,0.06247412785887718,0.7514359460598832,0.06320598721504211,0.7372284498353138,0.005,0,0.06320598721504211
614,0.062473081052303314,0.7514584275701952,0.06320521235466003,0.7372473958345176,0.005,0,0.06320521235466003
615,0.06247207522392273,0.7514807921317442,0.06320441514253616,0.7372655910985028,0.005,0,0.06320441514253616
616,0.06247102469205856,0.7515029765128194,0.06320362538099289,0.7372838905654835,0.005,0,0.06320362538099289
617,0.06246998906135559,0.7515253249266313,0.06320282816886902,0.737301697436485,0.005,0,0.06320282816886902
618,0.06246897950768471,0.7515476882920519,0.06320203095674515,0.7373195895644831,0.005,0,0.06320203095674515
619,0.06246795505285263,0.7515700678595789,0.06320127099752426,0.7373378321934663,0.005,0,0.06320127099752426
620,0.06246691942214966,0.7515924648797108,0.06320048868656158,0.7373561387651968,0.005,0,0.06320048868656158
621,0.062465935945510864,0.7516147509317233,0.06319967657327652,0.7373741291755658,0.005,0,0.06319967657327652
622,0.06246493384242058,0.7516368755063644,0.06319887191057205,0.7373911568923499,0.005,0,0.06319887191057205
623,0.06246393918991089,0.7516590928353474,0.06319812685251236,0.7374082153963829,0.005,0,0.06319812685251236
624,0.0624629408121109,0.7516812719425824,0.06319735944271088,0.7374260400292587,0.005,0,0.06319735944271088
625,0.06246193125844002,0.7517034069017953,0.06319659948348999,0.7374423738488222,0.005,0,0.06319659948348999
626,0.06246092915534973,0.7517256068869125,0.06319580227136612,0.7374598077204645,0.005,0,0.06319580227136612
627,0.06245995685458183,0.7517479017467814,0.06319499760866165,0.7374771800176092,0.005,0,0.06319499760866165
628,0.06245894357562065,0.7517700552459888,0.0631941556930542,0.7374948483459915,0.005,0,0.0631941556930542
629,0.06245794892311096,0.7517924196444294,0.06319335103034973,0.7375134426600849,0.005,0,0.06319335103034973
630,0.062456902116537094,0.7518146725310558,0.06319253146648407,0.7375316485811947,0.005,0,0.06319253146648407
631,0.0624559111893177,0.7518370232827558,0.06319166719913483,0.7375500084385481,0.005,0,0.06319166719913483
632,0.0624549426138401,0.7518593537546376,0.06319086998701096,0.7375692812562379,0.005,0,0.06319086998701096
633,0.0624539852142334,0.7518816120238432,0.06319000571966171,0.7375882497538158,0.005,0,0.06319000571966171
634,0.0624530129134655,0.75190370854383,0.06318920850753784,0.7376073567940127,0.005,0,0.06318920850753784
635,0.062452007085084915,0.7519256314076808,0.06318838149309158,0.7376251932681379,0.005,0,0.06318838149309158
636,0.06245109438896179,0.75194744988212,0.06318756937980652,0.7376433470877499,0.005,0,0.06318756937980652
637,0.062450114637613297,0.7519693517049799,0.06318672746419907,0.737663018955548,0.005,0,0.06318672746419907
638,0.0624491311609745,0.7519911473442351,0.063185915350914,0.737683006984708,0.005,0,0.063185915350914
639,0.06244813650846481,0.7520129318921155,0.06318508088588715,0.7377026208303834,0.005,0,0.06318508088588715
640,0.062447138130664825,0.752034554908255,0.06318426877260208,0.737721926803572,0.005,0,0.06318426877260208
641,0.06244616210460663,0.7520560709252475,0.06318341940641403,0.7377410421326436,0.005,0,0.06318341940641403
642,0.062445223331451416,0.7520774423194092,0.06318257004022598,0.7377601243062164,0.005,0,0.06318257004022598
643,0.06244426965713501,0.7520986879569516,0.06318170577287674,0.7377801869352483,0.005,0,0.06318170577287674
644,0.062443286180496216,0.7521200072651463,0.06318090856075287,0.7378000139234149,0.005,0,0.06318090856075287
645,0.062442347407341,0.752141358705707,0.06318008899688721,0.7378191588556102,0.005,0,0.06318008899688721
646,0.0624413937330246,0.7521625454067273,0.06317920237779617,0.7378369965138604,0.005,0,0.06317920237779617
647,0.06244046986103058,0.752183563997299,0.0631784200668335,0.7378553670283381,0.005,0,0.0631784200668335
648,0.06243951991200447,0.7522045625799003,0.06317763775587082,0.737871764790649,0.005,0,0.06317763775587082
649,0.06243856996297836,0.7522254837403545,0.06317679584026337,0.7378893372049105,0.005,0,0.06317679584026337
650,0.062437623739242554,0.7522461779625772,0.06317593902349472,0.7379068847525477,0.005,0,0.06317593902349472
651,0.062436651438474655,0.7522670774839761,0.06317508965730667,0.7379250658070337,0.005,0,0.06317508965730667
652,0.06243572756648064,0.752287979886958,0.06317422538995743,0.737944397830971,0.005,0,0.06317422538995743
653,0.062434788793325424,0.7523087635469841,0.0631733313202858,0.7379636126265383,0.005,0,0.0631733313202858
654,0.06243383511900902,0.7523295372030245,0.06317246705293655,0.7379816906621537,0.005,0,0.06317246705293655
655,0.062432922422885895,0.7523503114027601,0.06317159533500671,0.7380007752039764,0.005,0,0.06317159533500671
656,0.062432002276182175,0.7523709672401261,0.06317070871591568,0.7380192866293234,0.005,0,0.06317070871591568
657,0.062431059777736664,0.7523914894916668,0.06316985189914703,0.7380388306116268,0.005,0,0.06316985189914703
658,0.06243014335632324,0.7524120799225423,0.06316900998353958,0.7380577067474584,0.005,0,0.06316900998353958
659,0.06242921203374863,0.7524325344297044,0.06316813826560974,0.7380769014129018,0.005,0,0.06316813826560974
660,0.06242829188704491,0.7524535738981585,0.06316734105348587,0.7380958178089816,0.005,0,0.06316734105348587
661,0.06242737919092178,0.7524737306780194,0.063166543841362,0.7381146300020658,0.005,0,0.063166543841362
662,0.062426406890153885,0.7524941506061887,0.06316572427749634,0.7381335570552703,0.005,0,0.06316572427749634
663,0.062425512820482254,0.7525145275280953,0.06316491961479187,0.7381525551559718,0.005,0,0.06316491961479187
664,0.06242458522319794,0.7525350906111197,0.06316410005092621,0.7381709233021998,0.005,0,0.06316410005092621
665,0.06242365390062332,0.7525550125691736,0.06316329538822174,0.7381890640964373,0.005,0,0.06316329538822174
666,0.062422726303339005,0.7525753581742566,0.06316249817609787,0.7382073789570425,0.005,0,0.06316249817609787
667,0.06242180988192558,0.7525953362416193,0.063161700963974,0.7382255055417806,0.005,0,0.063161700963974
668,0.06242093816399574,0.7526149561771824,0.06316092610359192,0.7382428091596783,0.005,0,0.06316092610359192
669,0.0624200701713562,0.7526348041927365,0.06316013634204865,0.7382611926995305,0.005,0,0.06316013634204865
670,0.062419164925813675,0.7526543536654468,0.06315937638282776,0.7382776769029626,0.005,0,0.06315937638282776
671,0.06241825968027115,0.7526738154401773,0.0631585642695427,0.7382939112560304,0.005,0,0.0631585642695427
672,0.06241733580827713,0.7526929991693602,0.06315775960683823,0.7383103907229627,0.005,0,0.06315775960683823
673,0.062416449189186096,0.7527124275612268,0.06315695494413376,0.7383283669238321,0.005,0,0.06315695494413376
674,0.06241557002067566,0.7527319671386907,0.0631561428308487,0.7383464236451981,0.005,0,0.0631561428308487
675,0.06241462752223015,0.7527515475476382,0.06315533071756363,0.7383648356040491,0.005,0,0.06315533071756363
676,0.06241371110081673,0.7527710589073393,0.06315451115369797,0.7383833221627722,0.005,0,0.06315451115369797
677,0.06241276487708092,0.7527904237412777,0.0631536915898323,0.7384011882400213,0.005,0,0.0631536915898323
678,0.06241186335682869,0.7528097019102564,0.06315291672945023,0.7384191632567658,0.005,0,0.06315291672945023
679,0.06241096183657646,0.7528291397624135,0.06315209716558456,0.7384374639078716,0.005,0,0.06315209716558456
680,0.06241005286574364,0.7528487759000834,0.06315133720636368,0.7384561979487091,0.005,0,0.06315133720636368
681,0.062409188598394394,0.7528681882529518,0.06315051764249802,0.7384750575067913,0.005,0,0.06315051764249802
682,0.062408287078142166,0.752887776708583,0.06314969062805176,0.7384948951520826,0.005,0,0.06314969062805176
683,0.06240740045905113,0.752907407028718,0.0631488785147667,0.7385135830120471,0.005,0,0.0631488785147667
684,0.0624065026640892,0.7529270524635697,0.06314808875322342,0.7385322791608863,0.005,0,0.06314808875322342
685,0.062405627220869064,0.7529469020558387,0.06314725428819656,0.7385502340475065,0.005,0,0.06314725428819656
686,0.06240469962358475,0.7529667875863374,0.0631464421749115,0.7385697057981881,0.005,0,0.0631464421749115
687,0.062403831630945206,0.7529864959810532,0.06314565241336823,0.7385878998780484,0.005,0,0.06314565241336823
688,0.06240290030837059,0.7530059490022967,0.06314487010240555,0.7386055764953054,0.005,0,0.06314487010240555
689,0.06240200623869896,0.7530254737368911,0.06314407289028168,0.738623263769687,0.005,0,0.06314407289028168
690,0.06240113079547882,0.7530448946801382,0.06314331293106079,0.7386394424688819,0.005,0,0.06314331293106079
691,0.062400247901678085,0.7530644102806594,0.0631425604224205,0.7386558414153177,0.005,0,0.0631425604224205
692,0.06239938735961914,0.7530838515037243,0.06314180791378021,0.7386728466337278,0.005,0,0.06314180791378021
693,0.0623985193669796,0.7531033889064089,0.06314107030630112,0.738689287024537,0.005,0,0.06314107030630112
694,0.062397632747888565,0.7531226645200219,0.06314029544591904,0.7387070488987904,0.005,0,0.06314029544591904
695,0.06239679083228111,0.7531420017342617,0.06313952058553696,0.7387240174093271,0.005,0,0.06313952058553696
696,0.062395934015512466,0.7531613391116101,0.06313876062631607,0.7387404163557628,0.005,0,0.06313876062631607
697,0.062395062297582626,0.7531807943620024,0.06313800066709518,0.7387573019775531,0.005,0,0.06313800066709518
698,0.06239418685436249,0.7531999814620933,0.0631372481584549,0.7387738702538567,0.005,0,0.0631372481584549
699,0.06239331141114235,0.753219407407333,0.06313648074865341,0.738791539766364,0.005,0,0.06313648074865341
700,0.062392424792051315,0.7532386824228818,0.06313570588827133,0.7388083176327839,0.005,0,0.06313570588827133
701,0.06239156052470207,0.7532580882514118,0.06313495337963104,0.7388265886807658,0.005,0,0.06313495337963104
702,0.06239067763090134,0.7532772323996096,0.06313421577215195,0.7388447839447511,0.005,0,0.06313421577215195
703,0.06238977611064911,0.7532961975090922,0.06313347071409225,0.7388626831774987,0.005,0,0.06313347071409225
704,0.06238890811800957,0.7533150463222457,0.06313275545835495,0.7388794172312954,0.005,0,0.06313275545835495
705,0.06238802522420883,0.7533337707923866,0.06313201785087585,0.738896005637723,0.005,0,0.06313201785087585
706,0.06238718703389168,0.7533523803254356,0.06313132494688034,0.7389122968287883,0.005,0,0.06313132494688034
707,0.062386274337768555,0.7533710576572327,0.06313060224056244,0.738929506900815,0.005,0,0.06313060224056244
708,0.062385447323322296,0.7533897465153605,0.06312984973192215,0.7389459851836222,0.005,0,0.06312984973192215
709,0.062384579330682755,0.7534084684301355,0.06312908977270126,0.7389629785607831,0.005,0,0.06312908977270126
710,0.0623837374150753,0.7534272863614215,0.06312837451696396,0.7389791821266021,0.005,0,0.06312837451696396
711,0.062382861971855164,0.7534456808087867,0.06312765181064606,0.738995314644924,0.005,0,0.06312765181064606
712,0.06238198280334473,0.7534643887506041,0.06312695890665054,0.7390112849381276,0.005,0,0.06312695890665054
713,0.06238113343715668,0.7534830220974876,0.06312623620033264,0.7390275938910671,0.005,0,0.06312623620033264
714,0.06238025799393654,0.7535015440956652,0.06312549859285355,0.7390442119006186,0.005,0,0.06312549859285355
715,0.06237943470478058,0.7535197300360544,0.06312477588653564,0.7390610406844114,0.005,0,0.06312477588653564
716,0.06237856298685074,0.7535380100900225,0.06312404572963715,0.7390771187329854,0.005,0,0.06312404572963715
717,0.06237773597240448,0.7535561498707188,0.06312333047389984,0.7390942459162656,0.005,0,0.06312333047389984
718,0.06237687170505524,0.7535743807746724,0.06312265992164612,0.7391095282328732,0.005,0,0.06312265992164612
719,0.06237603351473808,0.7535924415565064,0.0631219670176506,0.7391256974590686,0.005,0,0.0631219670176506
720,0.06237519159913063,0.753610664631254,0.0631212666630745,0.7391413148830372,0.005,0,0.0631212666630745
721,0.062374331057071686,0.7536289945420402,0.06312057375907898,0.7391575800233536,0.005,0,0.06312057375907898
722,0.06237347424030304,0.7536474491764257,0.06311988830566406,0.7391743732833976,0.005,0,0.06311988830566406
723,0.0623725950717926,0.7536660504996824,0.06311913579702377,0.7391913915271824,0.005,0,0.06311913579702377
724,0.062371738255023956,0.7536845387344097,0.06311841309070587,0.7392082972790969,0.005,0,0.06311841309070587
725,0.06237087771296501,0.7537031289119218,0.06311765313148499,0.7392251260628895,0.005,0,0.06311765313148499
726,0.06237000972032547,0.7537215450527116,0.06311695277690887,0.7392411117497176,0.005,0,0.06311695277690887
727,0.062369152903556824,0.7537399788635843,0.06311623007059097,0.7392567978529333,0.005,0,0.06311623007059097
728,0.062368299812078476,0.753758443610694,0.06311552226543427,0.7392718468969257,0.005,0,0.06311552226543427
729,0.06236749887466431,0.753776933259028,0.06311479210853577,0.7392875270795167,0.005,0,0.06311479210853577
730,0.06236662715673447,0.753795322106336,0.06311408430337906,0.7393038052452074,0.005,0,0.06311408430337906
731,0.06236577406525612,0.7538136475588244,0.06311342120170593,0.7393196062085432,0.005,0,0.06311342120170593
732,0.06236493960022926,0.7538321300847558,0.06311269104480743,0.7393351881087633,0.005,0,0.06311269104480743
733,0.0623641274869442,0.7538504418905034,0.06311197578907013,0.7393516438931967,0.005,0,0.06311197578907013
734,0.06236327439546585,0.7538687587526132,0.06311127543449402,0.7393663282267045,0.005,0,0.06311127543449402
735,0.06236245110630989,0.753887028693857,0.06311057507991791,0.7393818082921788,0.005,0,0.06311057507991791
736,0.06236157938838005,0.7539052314887866,0.06310994178056717,0.739396981669291,0.005,0,0.06310994178056717
737,0.0623607337474823,0.7539233161388249,0.06310924142599106,0.7394119123007885,0.005,0,0.06310924142599106
738,0.062359899282455444,0.7539413904042913,0.06310857087373734,0.7394269116115331,0.005,0,0.06310857087373734
739,0.06235909461975098,0.753959480056322,0.06310789287090302,0.7394413674089255,0.005,0,0.06310789287090302
740,0.06235821917653084,0.7539776228273399,0.06310722231864929,0.7394556763748239,0.005,0,0.06310722231864929
741,0.06235738843679428,0.7539959654605857,0.06310650706291199,0.7394711647291731,0.005,0,0.06310650706291199
742,0.062356531620025635,0.754014169451644,0.06310580670833588,0.7394862362715395,0.005,0,0.06310580670833588
743,0.062355730682611465,0.7540325220345055,0.06310511380434036,0.7395009904684193,0.005,0,0.06310511380434036
744,0.062354862689971924,0.7540507557656724,0.06310442835092545,0.7395156511194281,0.005,0,0.06310442835092545
745,0.062354039400815964,0.7540688782568723,0.06310370564460754,0.7395310482961559,0.005,0,0.06310370564460754
746,0.06235317885875702,0.7540869797070813,0.06310296803712845,0.7395453181859313,0.005,0,0.06310296803712845
747,0.062352318316698074,0.7541050761009284,0.06310228258371353,0.7395604465662953,0.005,0,0.06310228258371353
748,0.062351468950510025,0.7541230601130492,0.06310159713029861,0.739575251680548,0.005,0,0.06310159713029861
749,0.06235066056251526,0.7541410213443558,0.0631009116768837,0.7395904357147849,0.005,0,0.0631009116768837
750,0.062349818646907806,0.7541587882047526,0.06310020387172699,0.7396053604256576,0.005,0,0.06310020387172699
751,0.06234898790717125,0.7541765306532504,0.0630994662642479,0.739620359736402,0.005,0,0.0630994662642479
752,0.062348153442144394,0.754194258965682,0.06309884041547775,0.7396354324628935,0.005,0,0.06309884041547775
753,0.06234729662537575,0.7542120482263068,0.06309815496206284,0.7396511446168581,0.005,0,0.06309815496206284
754,0.06234649568796158,0.7542298902797016,0.06309746950864792,0.7396673789699257,0.005,0,0.06309746950864792
755,0.06234565004706383,0.7542477525041755,0.06309673935174942,0.739682124877931,0.005,0,0.06309673935174942
756,0.062344811856746674,0.7542654881021181,0.0630960464477539,0.7396971147156759,0.005,0,0.0630960464477539
757,0.06234398111701012,0.7542832418050995,0.06309538334608078,0.739712669381022,0.005,0,0.06309538334608078
758,0.062343157827854156,0.7543007998323034,0.06309472769498825,0.7397263247099481,0.005,0,0.06309472769498825
759,0.06234235689043999,0.7543182231862922,0.06309407204389572,0.7397408255040885,0.005,0,0.06309407204389572
760,0.062341514974832535,0.754335745710222,0.06309341639280319,0.7397552303841082,0.005,0,0.06309341639280319
761,0.06234065815806389,0.7543534492301683,0.06309278309345245,0.7397696080292538,0.005,0,0.06309278309345245
762,0.06233980506658554,0.7543712683396404,0.06309210509061813,0.7397845256353768,0.005,0,0.06309210509061813
763,0.06233898550271988,0.7543890346019728,0.06309140473604202,0.7398004059350843,0.005,0,0.06309140473604202
764,0.06233813241124153,0.7544067730271289,0.06309065967798233,0.7398169457923891,0.005,0,0.06309065967798233
765,0.06233731657266617,0.7544244876928197,0.06308998912572861,0.7398320043093811,0.005,0,0.06308998912572861
766,0.0623365193605423,0.7544422180169222,0.0630892887711525,0.7398478573742149,0.005,0,0.0630892887711525
767,0.06233565881848335,0.7544600846996941,0.06308862566947937,0.7398625192093486,0.005,0,0.06308862566947937
768,0.06233479455113411,0.7544779938450338,0.06308801472187042,0.7398777577133331,0.005,0,0.06308801472187042
769,0.062333978712558746,0.7544957507558147,0.06308737397193909,0.7398933052739296,0.005,0,0.06308737397193909
770,0.06233314052224159,0.7545134230676764,0.06308666616678238,0.7399086882411581,0.005,0,0.06308666616678238
771,0.06233229488134384,0.7545313429238047,0.06308596581220627,0.7399242215922552,0.005,0,0.06308596581220627
772,0.0623314268887043,0.7545491076637916,0.06308524310588837,0.7399410764267967,0.005,0,0.06308524310588837
773,0.06233059987425804,0.7545668806135706,0.06308452039957047,0.7399571532912459,0.005,0,0.06308452039957047
774,0.06232979893684387,0.7545845335698956,0.06308383494615555,0.739972758873965,0.005,0,0.06308383494615555
775,0.06232897564768791,0.7546019795415905,0.06308315694332123,0.7399881359205687,0.005,0,0.06308315694332123
776,0.06232813373208046,0.7546195268580056,0.06308244168758392,0.7400041808136442,0.005,0,0.06308244168758392
777,0.0623273141682148,0.7546372653375312,0.06308168917894363,0.7400209278928153,0.005,0,0.06308168917894363
778,0.06232652813196182,0.7546550160501907,0.06308101117610931,0.7400379745555988,0.005,0,0.06308101117610931
779,0.06232568994164467,0.754672511280639,0.0630803033709526,0.740054504939904,0.005,0,0.0630803033709526
780,0.0623248815536499,0.7546902143656296,0.06307963281869888,0.7400699755323787,0.005,0,0.06307963281869888
781,0.06232404708862305,0.7547076330438426,0.06307899206876755,0.7400856367689705,0.005,0,0.06307899206876755
782,0.062323205173015594,0.7547250983710738,0.06307835131883621,0.740100972371201,0.005,0,0.06307835131883621
783,0.06232242286205292,0.7547428932317556,0.0630776509642601,0.7401168941152817,0.005,0,0.0630776509642601
784,0.06232156604528427,0.7547605350423363,0.06307695060968399,0.7401326086374962,0.005,0,0.06307695060968399
785,0.062320780009031296,0.754778297770652,0.06307622045278549,0.7401491804661746,0.005,0,0.06307622045278549
786,0.06231995299458504,0.7547958028963467,0.06307549774646759,0.740164874858265,0.005,0,0.06307549774646759
787,0.06231912225484848,0.7548133409699493,0.06307482719421387,0.7401804780727341,0.005,0,0.06307482719421387
788,0.06231829524040222,0.7548305510868168,0.06307413429021835,0.7401957023672192,0.005,0,0.06307413429021835
789,0.06231747195124626,0.754847946005565,0.06307349354028702,0.7402100492251162,0.005,0,0.06307349354028702
790,0.062316667288541794,0.7548654401486237,0.0630728155374527,0.740224374768764,0.005,0,0.0630728155374527
791,0.06231582909822464,0.7548826036708423,0.06307214498519897,0.7402393989461327,0.005,0,0.06307214498519897
792,0.06231502443552017,0.7548998334694634,0.06307149678468704,0.740254617319993,0.005,0,0.06307149678468704
793,0.0623142309486866,0.7549170536446859,0.06307079643011093,0.7402698060907296,0.005,0,0.06307079643011093
794,0.06231342628598213,0.7549340864082925,0.06307018548250198,0.7402848480299723,0.005,0,0.06307018548250198
795,0.06231258437037468,0.7549513924873017,0.06306952238082886,0.7402995453888545,0.005,0,0.06306952238082886
796,0.06231177598237991,0.7549683620191968,0.06306887418031693,0.7403150775558266,0.005,0,0.06306887418031693
797,0.06231096759438515,0.7549854352880699,0.06306824833154678,0.7403288264306237,0.005,0,0.06306824833154678
798,0.062310174107551575,0.7550022481814783,0.06306766718626022,0.740342880809658,0.005,0,0.06306766718626022
799,0.062309399247169495,0.7550191465980867,0.06306704133749008,0.7403578315712795,0.005,0,0.06306704133749008
